year,length_of_file,footer_start_index,rows_to_skip,file_path
1995,556,507,49,D:\WGU\D497\Project_1\data\raw_data\cdc_data\raw_cdc_data_1995.txt
1996,605,561,44,D:\WGU\D497\Project_1\data\raw_data\cdc_data\raw_cdc_data_1996.txt
1997,605,561,44,D:\WGU\D497\Project_1\data\raw_data\cdc_data\raw_cdc_data_1997.txt
1998,605,561,44,D:\WGU\D497\Project_1\data\raw_data\cdc_data\raw_cdc_data_1998.txt
1999,605,561,44,D:\WGU\D497\Project_1\data\raw_data\cdc_data\raw_cdc_data_1999.txt
2000,605,561,44,D:\WGU\D497\Project_1\data\raw_data\cdc_data\raw_cdc_data_2000.txt
2001,605,561,44,D:\WGU\D497\Project_1\data\raw_data\cdc_data\raw_cdc_data_2001.txt
2002,605,561,44,D:\WGU\D497\Project_1\data\raw_data\cdc_data\raw_cdc_data_2002.txt
2003,7525,7490,35,D:\WGU\D497\Project_1\data\raw_data\cdc_data\raw_cdc_data_2003.txt
2004,7525,7490,35,D:\WGU\D497\Project_1\data\raw_data\cdc_data\raw_cdc_data_2004.txt
2005,7525,7490,35,D:\WGU\D497\Project_1\data\raw_data\cdc_data\raw_cdc_data_2005.txt
2006,7525,7490,35,D:\WGU\D497\Project_1\data\raw_data\cdc_data\raw_cdc_data_2006.txt
2007,8228,8174,54,D:\WGU\D497\Project_1\data\raw_data\cdc_data\raw_cdc_data_2007.txt
2008,8228,8174,54,D:\WGU\D497\Project_1\data\raw_data\cdc_data\raw_cdc_data_2008.txt
2009,8231,8174,57,D:\WGU\D497\Project_1\data\raw_data\cdc_data\raw_cdc_data_2009.txt
2010,8228,8174,54,D:\WGU\D497\Project_1\data\raw_data\cdc_data\raw_cdc_data_2010.txt
2011,8228,8174,54,D:\WGU\D497\Project_1\data\raw_data\cdc_data\raw_cdc_data_2011.txt
2012,8228,8174,54,D:\WGU\D497\Project_1\data\raw_data\cdc_data\raw_cdc_data_2012.txt
2013,8228,8174,54,D:\WGU\D497\Project_1\data\raw_data\cdc_data\raw_cdc_data_2013.txt
2014,8230,8174,56,D:\WGU\D497\Project_1\data\raw_data\cdc_data\raw_cdc_data_2014.txt
2015,8228,8174,54,D:\WGU\D497\Project_1\data\raw_data\cdc_data\raw_cdc_data_2015.txt
2016,8228,8174,54,D:\WGU\D497\Project_1\data\raw_data\cdc_data\raw_cdc_data_2016.txt
2017,8228,8174,54,D:\WGU\D497\Project_1\data\raw_data\cdc_data\raw_cdc_data_2017.txt
2018,8228,8174,54,D:\WGU\D497\Project_1\data\raw_data\cdc_data\raw_cdc_data_2018.txt
2019,8228,8174,54,D:\WGU\D497\Project_1\data\raw_data\cdc_data\raw_cdc_data_2019.txt
2020,8228,8174,54,D:\WGU\D497\Project_1\data\raw_data\cdc_data\raw_cdc_data_2020.txt
2021,8228,8174,54,D:\WGU\D497\Project_1\data\raw_data\cdc_data\raw_cdc_data_2021.txt
2022,8228,8174,54,D:\WGU\D497\Project_1\data\raw_data\cdc_data\raw_cdc_data_2022.txt
2023,8228,8174,54,D:\WGU\D497\Project_1\data\raw_data\cdc_data\raw_cdc_data_2023.txt
